{"name":"a4c6864e-be17-43e1-8d4f-b4939079be0f","id":"/providers/Microsoft.Flow/flows/a4c6864e-be17-43e1-8d4f-b4939079be0f","type":"Microsoft.Flow/flows","properties":{"apiId":"/providers/Microsoft.PowerApps/apis/shared_logicflows","displayName":"Task Test 1","definition":{"metadata":{"workflowEntityId":null,"processAdvisorMetadata":null,"flowChargedByPaygo":null,"flowclientsuspensionreason":"None","flowclientsuspensiontime":null,"flowclientsuspensionreasondetails":null,"creator":{"id":"7723453a-278f-45ab-b6cb-ea3ce5f16670","type":"User","tenantId":"31c05fcf-19c5-4b25-828c-2deca86629cb"},"provisioningMethod":"FromDefinition","failureAlertSubscription":true,"clientLastModifiedTime":"2024-06-28T12:39:54.4898074Z","connectionKeySavedTimeKey":"2024-06-28T12:39:54.4898074Z"},"$schema":"https://schema.management.azure.com/providers/Microsoft.Logic/schemas/2016-06-01/workflowdefinition.json#","contentVersion":"1.0.0.0","parameters":{"$connections":{"defaultValue":{},"type":"Object"},"$authentication":{"defaultValue":{},"type":"SecureObject"}},"triggers":{"When_an_item_is_created_or_modified":{"recurrence":{"frequency":"Minute","interval":5},"splitOn":"@triggerOutputs()?['body/value']","metadata":{"operationMetadataId":"0c8992ac-7f59-4f17-9a5b-39b178bdb49c"},"type":"OpenApiConnection","inputs":{"host":{"apiId":"/providers/Microsoft.PowerApps/apis/shared_sharepointonline","connectionName":"shared_sharepointonline","operationId":"GetOnUpdatedItems"},"parameters":{"dataset":"https://daaviation1.sharepoint.com/sites/DAAviationSharepointDEV","table":"fed2f372-09bf-4071-998a-3a9ae7bed684"},"authentication":"@parameters('$authentication')"}}},"actions":{"Current_time":{"runAfter":{},"metadata":{"operationMetadataId":"0407627e-2b9d-44b6-9414-c32dbdbb9846"},"type":"Expression","kind":"CurrentTime","inputs":{}},"Delay_for_24_hours_and_5_minutes":{"runAfter":{"varEmailTo":["Succeeded"]},"metadata":{"operationMetadataId":"66eb3497-cb84-4b89-a01f-1016d35d882a"},"type":"Wait","inputs":{"interval":{"count":1445,"unit":"Minute"}},"description":"Delay for 24 hours and 5 minutes"},"Condition":{"actions":{"Add_varReminderCount_plus_1":{"runAfter":{},"metadata":{"operationMetadataId":"90c52965-cfc3-473a-aacd-adf808ed9795"},"type":"Compose","inputs":"@and(variables('varReminderCount'), 1)","description":"What is the column to be used for the calculation???\nWhat is the default value for varReminderCount?  Is it somewhere in the columns?"},"Set_varReminderCount_to_varCalc":{"runAfter":{"Add_varReminderCount_plus_1":["Succeeded"]},"metadata":{"operationMetadataId":"382aaa46-e5dc-4450-ade9-d58c6a832e26"},"type":"SetVariable","inputs":{"name":"varCalc","value":"@variables('varReminderCount')"}},"Send_Email_to_Assistant_Directors":{"runAfter":{"Loop_in_the_source_of_the_TO_list":["Succeeded"]},"metadata":{"operationMetadataId":"90d80364-425d-4230-a98d-8af4a4cd8ea0"},"type":"OpenApiConnection","inputs":{"host":{"apiId":"/providers/Microsoft.PowerApps/apis/shared_office365","connectionName":"shared_office365","operationId":"SendEmailV2"},"parameters":{"emailMessage/To":"@variables('varEmailTo')","emailMessage/Subject":"Sample Subjecft","emailMessage/Body":"<p>Email Sample Body</p>","emailMessage/Importance":"Normal"},"authentication":"@parameters('$authentication')"}},"Update_Record_Approval_Status_to_Reminder_(varReminderCount)":{"runAfter":{"Send_Email_to_Assistant_Directors":["Succeeded"]},"metadata":{"operationMetadataId":"a36de517-57b7-4da4-b1d1-f82320a0fff5"},"type":"OpenApiConnection","inputs":{"host":{"apiId":"/providers/Microsoft.PowerApps/apis/shared_sharepointonline","connectionName":"shared_sharepointonline","operationId":"PatchItem"},"parameters":{"dataset":"https://daaviation1.sharepoint.com/sites/DAAviationSharepointDEV","table":"fed2f372-09bf-4071-998a-3a9ae7bed684","id":"@triggerBody()?['ID']","item/Title":"@triggerBody()?['Title']","item/ShippingCategory/Value":"Inbound"},"authentication":"@parameters('$authentication')"}},"Create_Record_in_History_Log_List":{"runAfter":{"Update_Record_Approval_Status_to_Reminder_(varReminderCount)":["Succeeded"]},"metadata":{"operationMetadataId":"f0360a2c-6f1f-4b1c-94c0-eafb21bfbd91"},"type":"OpenApiConnection","inputs":{"host":{"apiId":"/providers/Microsoft.PowerApps/apis/shared_sharepointonline","connectionName":"shared_sharepointonline","operationId":"PostItem"},"parameters":{"dataset":"https://daaviation1.sharepoint.com/sites/DAAviationSharepointDEV","table":"fed2f372-09bf-4071-998a-3a9ae7bed684","item/Title":"SAMPLE"},"authentication":"@parameters('$authentication')"}},"Loop_in_the_source_of_the_TO_list":{"actions":{},"runAfter":{"Set_varReminderCount_to_varCalc":["Succeeded"]},"metadata":{"operationMetadataId":"52baa0d5-2441-47e7-98c2-ed8d882de596"},"type":"Scope","description":"Loop in the source of the Emails and append each email address to the varEmailTo variable"}},"runAfter":{"Delay_for_24_hours_and_5_minutes":["Succeeded"]},"expression":{"and":[{"equals":["@triggerBody()?['ShipmentStatus']?['Value']",1515]}]},"metadata":{"operationMetadataId":"06e2c344-95da-467b-a925-fcba6caa17be"},"type":"If"},"varReminderCount":{"runAfter":{"Current_time":["Succeeded"]},"metadata":{"operationMetadataId":"2b7a0c52-e10b-4416-93dd-6a07c793e298"},"type":"InitializeVariable","inputs":{"variables":[{"name":"varReminderCount","type":"integer","value":0}]}},"varCalc":{"runAfter":{"varReminderCount":["Succeeded"]},"metadata":{"operationMetadataId":"0b90dc35-347c-464a-bbd3-c56730f32a75"},"type":"InitializeVariable","inputs":{"variables":[{"name":"varCalc","type":"integer","value":0}]}},"varEmailTo":{"runAfter":{"varCalc":["Succeeded"]},"metadata":{"operationMetadataId":"717bafcf-e4e6-422c-bf5e-cd7bf89165dc"},"type":"InitializeVariable","inputs":{"variables":[{"name":"varEmailTo","type":"string"}]}}},"outputs":{}},"connectionReferences":{"shared_office365":{"connectionName":"shared-office365-fe951200-bd79-43a8-b6ae-412168d1ef33","source":"Embedded","id":"/providers/Microsoft.PowerApps/apis/shared_office365","tier":"NotSpecified"},"shared_sharepointonline":{"connectionName":"shared-sharepointonl-555d5728-af91-48a6-9af0-ac5b9fabf282","source":"Embedded","id":"/providers/Microsoft.PowerApps/apis/shared_sharepointonline","tier":"NotSpecified"}},"flowFailureAlertSubscribed":false,"isManaged":false}}